USE Hotel;
GO


--ROOM TYPES 1-3
INSERT INTO Room_type VALUES
('Enkelrum',1,0,750, 'Vår mest prisvärda rum för dig som reser ensam'), ('Dubbelrum',2,1,1250,'Dubbelrum med två sovplatser och en balkong'), 
('Svit',2,2,2100,'Våra sviter är fullutrustade med bekvämligheter för dig som vill lyxa till det eller behöver extra plats för familjen'), 
('VIP',4,4,11950, 'Kräver du bekvämlighet i toppklass så bokar du vårat penthouse med balkonger i alla riktningar, det kostar naturligtvis därefter');
GO

--ROOMS 1-400
insert into Room (Room_Room_type_id) values (1);
insert into Room (Room_Room_type_id) values (3);
insert into Room (Room_Room_type_id) values (1);
insert into Room (Room_Room_type_id) values (1);
insert into Room (Room_Room_type_id) values (2);
insert into Room (Room_Room_type_id) values (3);
insert into Room (Room_Room_type_id) values (2);
insert into Room (Room_Room_type_id) values (3);
insert into Room (Room_Room_type_id) values (1);
insert into Room (Room_Room_type_id) values (3);
insert into Room (Room_Room_type_id) values (2);
insert into Room (Room_Room_type_id) values (3);
insert into Room (Room_Room_type_id) values (2);
insert into Room (Room_Room_type_id) values (2);
insert into Room (Room_Room_type_id) values (2);
insert into Room (Room_Room_type_id) values (3);
insert into Room (Room_Room_type_id) values (3);
insert into Room (Room_Room_type_id) values (3);
insert into Room (Room_Room_type_id) values (1);
insert into Room (Room_Room_type_id) values (1);
insert into Room (Room_Room_type_id) values (2);
insert into Room (Room_Room_type_id) values (2);
insert into Room (Room_Room_type_id) values (3);
insert into Room (Room_Room_type_id) values (2);
insert into Room (Room_Room_type_id) values (2);
insert into Room (Room_Room_type_id) values (1);
insert into Room (Room_Room_type_id) values (2);
insert into Room (Room_Room_type_id) values (3);
insert into Room (Room_Room_type_id) values (2);
insert into Room (Room_Room_type_id) values (3);
insert into Room (Room_Room_type_id) values (1);
insert into Room (Room_Room_type_id) values (3);
insert into Room (Room_Room_type_id) values (1);
insert into Room (Room_Room_type_id) values (2);
insert into Room (Room_Room_type_id) values (3);
insert into Room (Room_Room_type_id) values (1);
insert into Room (Room_Room_type_id) values (2);
insert into Room (Room_Room_type_id) values (3);
insert into Room (Room_Room_type_id) values (2);
insert into Room (Room_Room_type_id) values (3);
insert into Room (Room_Room_type_id) values (2);
insert into Room (Room_Room_type_id) values (1);
insert into Room (Room_Room_type_id) values (1);
insert into Room (Room_Room_type_id) values (2);
insert into Room (Room_Room_type_id) values (3);
insert into Room (Room_Room_type_id) values (2);
insert into Room (Room_Room_type_id) values (2);
insert into Room (Room_Room_type_id) values (1);
insert into Room (Room_Room_type_id) values (2);
insert into Room (Room_Room_type_id) values (2);
insert into Room (Room_Room_type_id) values (1);
insert into Room (Room_Room_type_id) values (2);
insert into Room (Room_Room_type_id) values (2);
insert into Room (Room_Room_type_id) values (2);
insert into Room (Room_Room_type_id) values (2);
insert into Room (Room_Room_type_id) values (1);
insert into Room (Room_Room_type_id) values (3);
insert into Room (Room_Room_type_id) values (1);
insert into Room (Room_Room_type_id) values (2);
insert into Room (Room_Room_type_id) values (3);
insert into Room (Room_Room_type_id) values (1);
insert into Room (Room_Room_type_id) values (3);
insert into Room (Room_Room_type_id) values (1);
insert into Room (Room_Room_type_id) values (1);
insert into Room (Room_Room_type_id) values (2);
insert into Room (Room_Room_type_id) values (3);
insert into Room (Room_Room_type_id) values (2);
insert into Room (Room_Room_type_id) values (1);
insert into Room (Room_Room_type_id) values (1);
insert into Room (Room_Room_type_id) values (1);
insert into Room (Room_Room_type_id) values (1);
insert into Room (Room_Room_type_id) values (1);
insert into Room (Room_Room_type_id) values (2);
insert into Room (Room_Room_type_id) values (3);
insert into Room (Room_Room_type_id) values (1);
insert into Room (Room_Room_type_id) values (2);
insert into Room (Room_Room_type_id) values (1);
insert into Room (Room_Room_type_id) values (2);
insert into Room (Room_Room_type_id) values (2);
insert into Room (Room_Room_type_id) values (2);
insert into Room (Room_Room_type_id) values (1);
insert into Room (Room_Room_type_id) values (2);
insert into Room (Room_Room_type_id) values (2);
insert into Room (Room_Room_type_id) values (2);
insert into Room (Room_Room_type_id) values (2);
insert into Room (Room_Room_type_id) values (1);
insert into Room (Room_Room_type_id) values (2);
insert into Room (Room_Room_type_id) values (3);
insert into Room (Room_Room_type_id) values (2);
insert into Room (Room_Room_type_id) values (3);
insert into Room (Room_Room_type_id) values (1);
insert into Room (Room_Room_type_id) values (2);
insert into Room (Room_Room_type_id) values (2);
insert into Room (Room_Room_type_id) values (3);
insert into Room (Room_Room_type_id) values (1);
insert into Room (Room_Room_type_id) values (1);
insert into Room (Room_Room_type_id) values (2);
insert into Room (Room_Room_type_id) values (1);
insert into Room (Room_Room_type_id) values (2);
insert into Room (Room_Room_type_id) values (3);
insert into Room (Room_Room_type_id) values (2);
insert into Room (Room_Room_type_id) values (3);
insert into Room (Room_Room_type_id) values (1);
insert into Room (Room_Room_type_id) values (2);
insert into Room (Room_Room_type_id) values (1);
insert into Room (Room_Room_type_id) values (3);
insert into Room (Room_Room_type_id) values (1);
insert into Room (Room_Room_type_id) values (1);
insert into Room (Room_Room_type_id) values (3);
insert into Room (Room_Room_type_id) values (2);
insert into Room (Room_Room_type_id) values (3);
insert into Room (Room_Room_type_id) values (3);
insert into Room (Room_Room_type_id) values (3);
insert into Room (Room_Room_type_id) values (3);
insert into Room (Room_Room_type_id) values (2);
insert into Room (Room_Room_type_id) values (3);
insert into Room (Room_Room_type_id) values (2);
insert into Room (Room_Room_type_id) values (2);
insert into Room (Room_Room_type_id) values (3);
insert into Room (Room_Room_type_id) values (2);
insert into Room (Room_Room_type_id) values (1);
insert into Room (Room_Room_type_id) values (3);
insert into Room (Room_Room_type_id) values (3);
insert into Room (Room_Room_type_id) values (1);
insert into Room (Room_Room_type_id) values (1);
insert into Room (Room_Room_type_id) values (2);
insert into Room (Room_Room_type_id) values (3);
insert into Room (Room_Room_type_id) values (3);
insert into Room (Room_Room_type_id) values (1);
insert into Room (Room_Room_type_id) values (3);
insert into Room (Room_Room_type_id) values (1);
insert into Room (Room_Room_type_id) values (1);
insert into Room (Room_Room_type_id) values (1);
insert into Room (Room_Room_type_id) values (3);
insert into Room (Room_Room_type_id) values (2);
insert into Room (Room_Room_type_id) values (3);
insert into Room (Room_Room_type_id) values (2);
insert into Room (Room_Room_type_id) values (2);
insert into Room (Room_Room_type_id) values (2);
insert into Room (Room_Room_type_id) values (2);
insert into Room (Room_Room_type_id) values (3);
insert into Room (Room_Room_type_id) values (3);
insert into Room (Room_Room_type_id) values (1);
insert into Room (Room_Room_type_id) values (3);
insert into Room (Room_Room_type_id) values (2);
insert into Room (Room_Room_type_id) values (2);
insert into Room (Room_Room_type_id) values (2);
insert into Room (Room_Room_type_id) values (2);
insert into Room (Room_Room_type_id) values (2);
insert into Room (Room_Room_type_id) values (1);
insert into Room (Room_Room_type_id) values (1);
insert into Room (Room_Room_type_id) values (2);
insert into Room (Room_Room_type_id) values (3);
insert into Room (Room_Room_type_id) values (2);
insert into Room (Room_Room_type_id) values (1);
insert into Room (Room_Room_type_id) values (2);
insert into Room (Room_Room_type_id) values (1);
insert into Room (Room_Room_type_id) values (2);
insert into Room (Room_Room_type_id) values (2);
insert into Room (Room_Room_type_id) values (3);
insert into Room (Room_Room_type_id) values (2);
insert into Room (Room_Room_type_id) values (2);
insert into Room (Room_Room_type_id) values (2);
insert into Room (Room_Room_type_id) values (2);
insert into Room (Room_Room_type_id) values (3);
insert into Room (Room_Room_type_id) values (2);
insert into Room (Room_Room_type_id) values (3);
insert into Room (Room_Room_type_id) values (3);
insert into Room (Room_Room_type_id) values (2);
insert into Room (Room_Room_type_id) values (1);
insert into Room (Room_Room_type_id) values (2);
insert into Room (Room_Room_type_id) values (3);
insert into Room (Room_Room_type_id) values (2);
insert into Room (Room_Room_type_id) values (2);
insert into Room (Room_Room_type_id) values (1);
insert into Room (Room_Room_type_id) values (1);
insert into Room (Room_Room_type_id) values (2);
insert into Room (Room_Room_type_id) values (2);
insert into Room (Room_Room_type_id) values (3);
insert into Room (Room_Room_type_id) values (2);
insert into Room (Room_Room_type_id) values (2);
insert into Room (Room_Room_type_id) values (3);
insert into Room (Room_Room_type_id) values (1);
insert into Room (Room_Room_type_id) values (2);
insert into Room (Room_Room_type_id) values (1);
insert into Room (Room_Room_type_id) values (3);
insert into Room (Room_Room_type_id) values (3);
insert into Room (Room_Room_type_id) values (2);
insert into Room (Room_Room_type_id) values (2);
insert into Room (Room_Room_type_id) values (1);
insert into Room (Room_Room_type_id) values (2);
insert into Room (Room_Room_type_id) values (2);
insert into Room (Room_Room_type_id) values (3);
insert into Room (Room_Room_type_id) values (3);
insert into Room (Room_Room_type_id) values (2);
insert into Room (Room_Room_type_id) values (2);
insert into Room (Room_Room_type_id) values (3);
insert into Room (Room_Room_type_id) values (2);
insert into Room (Room_Room_type_id) values (2);
insert into Room (Room_Room_type_id) values (3);
insert into Room (Room_Room_type_id) values (1);
insert into Room (Room_Room_type_id) values (2);
insert into Room (Room_Room_type_id) values (2);
insert into Room (Room_Room_type_id) values (3);
insert into Room (Room_Room_type_id) values (3);
insert into Room (Room_Room_type_id) values (3);
insert into Room (Room_Room_type_id) values (1);
insert into Room (Room_Room_type_id) values (1);
insert into Room (Room_Room_type_id) values (2);
insert into Room (Room_Room_type_id) values (3);
insert into Room (Room_Room_type_id) values (2);
insert into Room (Room_Room_type_id) values (2);
insert into Room (Room_Room_type_id) values (3);
insert into Room (Room_Room_type_id) values (2);
insert into Room (Room_Room_type_id) values (2);
insert into Room (Room_Room_type_id) values (3);
insert into Room (Room_Room_type_id) values (1);
insert into Room (Room_Room_type_id) values (1);
insert into Room (Room_Room_type_id) values (2);
insert into Room (Room_Room_type_id) values (2);
insert into Room (Room_Room_type_id) values (1);
insert into Room (Room_Room_type_id) values (3);
insert into Room (Room_Room_type_id) values (2);
insert into Room (Room_Room_type_id) values (1);
insert into Room (Room_Room_type_id) values (1);
insert into Room (Room_Room_type_id) values (1);
insert into Room (Room_Room_type_id) values (2);
insert into Room (Room_Room_type_id) values (2);
insert into Room (Room_Room_type_id) values (2);
insert into Room (Room_Room_type_id) values (1);
insert into Room (Room_Room_type_id) values (1);
insert into Room (Room_Room_type_id) values (1);
insert into Room (Room_Room_type_id) values (1);
insert into Room (Room_Room_type_id) values (1);
insert into Room (Room_Room_type_id) values (2);
insert into Room (Room_Room_type_id) values (1);
insert into Room (Room_Room_type_id) values (1);
insert into Room (Room_Room_type_id) values (2);
insert into Room (Room_Room_type_id) values (2);
insert into Room (Room_Room_type_id) values (2);
insert into Room (Room_Room_type_id) values (3);
insert into Room (Room_Room_type_id) values (1);
insert into Room (Room_Room_type_id) values (2);
insert into Room (Room_Room_type_id) values (3);
insert into Room (Room_Room_type_id) values (1);
insert into Room (Room_Room_type_id) values (2);
insert into Room (Room_Room_type_id) values (2);
insert into Room (Room_Room_type_id) values (3);
insert into Room (Room_Room_type_id) values (3);
insert into Room (Room_Room_type_id) values (1);
insert into Room (Room_Room_type_id) values (3);
insert into Room (Room_Room_type_id) values (3);
insert into Room (Room_Room_type_id) values (1);
insert into Room (Room_Room_type_id) values (3);
insert into Room (Room_Room_type_id) values (3);
insert into Room (Room_Room_type_id) values (2);
insert into Room (Room_Room_type_id) values (2);
insert into Room (Room_Room_type_id) values (3);
insert into Room (Room_Room_type_id) values (2);
insert into Room (Room_Room_type_id) values (2);
insert into Room (Room_Room_type_id) values (3);
insert into Room (Room_Room_type_id) values (3);
insert into Room (Room_Room_type_id) values (3);
insert into Room (Room_Room_type_id) values (3);
insert into Room (Room_Room_type_id) values (2);
insert into Room (Room_Room_type_id) values (2);
insert into Room (Room_Room_type_id) values (1);
insert into Room (Room_Room_type_id) values (3);
insert into Room (Room_Room_type_id) values (1);
insert into Room (Room_Room_type_id) values (1);
insert into Room (Room_Room_type_id) values (3);
insert into Room (Room_Room_type_id) values (1);
insert into Room (Room_Room_type_id) values (2);
insert into Room (Room_Room_type_id) values (2);
insert into Room (Room_Room_type_id) values (1);
insert into Room (Room_Room_type_id) values (1);
insert into Room (Room_Room_type_id) values (1);
insert into Room (Room_Room_type_id) values (3);
insert into Room (Room_Room_type_id) values (2);
insert into Room (Room_Room_type_id) values (3);
insert into Room (Room_Room_type_id) values (2);
insert into Room (Room_Room_type_id) values (2);
insert into Room (Room_Room_type_id) values (1);
insert into Room (Room_Room_type_id) values (1);
insert into Room (Room_Room_type_id) values (1);
insert into Room (Room_Room_type_id) values (2);
insert into Room (Room_Room_type_id) values (2);
insert into Room (Room_Room_type_id) values (1);
insert into Room (Room_Room_type_id) values (1);
insert into Room (Room_Room_type_id) values (3);
insert into Room (Room_Room_type_id) values (1);
insert into Room (Room_Room_type_id) values (2);
insert into Room (Room_Room_type_id) values (2);
insert into Room (Room_Room_type_id) values (3);
insert into Room (Room_Room_type_id) values (1);
insert into Room (Room_Room_type_id) values (2);
insert into Room (Room_Room_type_id) values (3);
insert into Room (Room_Room_type_id) values (3);
insert into Room (Room_Room_type_id) values (1);
insert into Room (Room_Room_type_id) values (3);
insert into Room (Room_Room_type_id) values (1);
insert into Room (Room_Room_type_id) values (3);
insert into Room (Room_Room_type_id) values (3);
insert into Room (Room_Room_type_id) values (2);
insert into Room (Room_Room_type_id) values (3);
insert into Room (Room_Room_type_id) values (1);
insert into Room (Room_Room_type_id) values (2);
insert into Room (Room_Room_type_id) values (2);
insert into Room (Room_Room_type_id) values (1);
insert into Room (Room_Room_type_id) values (1);
insert into Room (Room_Room_type_id) values (2);
insert into Room (Room_Room_type_id) values (3);
insert into Room (Room_Room_type_id) values (2);
insert into Room (Room_Room_type_id) values (2);
insert into Room (Room_Room_type_id) values (1);
insert into Room (Room_Room_type_id) values (3);
insert into Room (Room_Room_type_id) values (2);
insert into Room (Room_Room_type_id) values (3);
insert into Room (Room_Room_type_id) values (2);
insert into Room (Room_Room_type_id) values (3);
insert into Room (Room_Room_type_id) values (2);
insert into Room (Room_Room_type_id) values (3);
insert into Room (Room_Room_type_id) values (2);
insert into Room (Room_Room_type_id) values (3);
insert into Room (Room_Room_type_id) values (1);
insert into Room (Room_Room_type_id) values (3);
insert into Room (Room_Room_type_id) values (3);
insert into Room (Room_Room_type_id) values (3);
insert into Room (Room_Room_type_id) values (1);
insert into Room (Room_Room_type_id) values (1);
insert into Room (Room_Room_type_id) values (2);
insert into Room (Room_Room_type_id) values (1);
insert into Room (Room_Room_type_id) values (1);
insert into Room (Room_Room_type_id) values (2);
insert into Room (Room_Room_type_id) values (1);
insert into Room (Room_Room_type_id) values (2);
insert into Room (Room_Room_type_id) values (3);
insert into Room (Room_Room_type_id) values (3);
insert into Room (Room_Room_type_id) values (2);
insert into Room (Room_Room_type_id) values (3);
insert into Room (Room_Room_type_id) values (3);
insert into Room (Room_Room_type_id) values (1);
insert into Room (Room_Room_type_id) values (1);
insert into Room (Room_Room_type_id) values (3);
insert into Room (Room_Room_type_id) values (2);
insert into Room (Room_Room_type_id) values (2);
insert into Room (Room_Room_type_id) values (2);
insert into Room (Room_Room_type_id) values (1);
insert into Room (Room_Room_type_id) values (1);
insert into Room (Room_Room_type_id) values (1);
insert into Room (Room_Room_type_id) values (1);
insert into Room (Room_Room_type_id) values (2);
insert into Room (Room_Room_type_id) values (1);
insert into Room (Room_Room_type_id) values (1);
insert into Room (Room_Room_type_id) values (2);
insert into Room (Room_Room_type_id) values (3);
insert into Room (Room_Room_type_id) values (2);
insert into Room (Room_Room_type_id) values (2);
insert into Room (Room_Room_type_id) values (2);
insert into Room (Room_Room_type_id) values (2);
insert into Room (Room_Room_type_id) values (3);
insert into Room (Room_Room_type_id) values (1);
insert into Room (Room_Room_type_id) values (2);
insert into Room (Room_Room_type_id) values (1);
insert into Room (Room_Room_type_id) values (2);
insert into Room (Room_Room_type_id) values (2);
insert into Room (Room_Room_type_id) values (2);
insert into Room (Room_Room_type_id) values (1);
insert into Room (Room_Room_type_id) values (2);
insert into Room (Room_Room_type_id) values (2);
insert into Room (Room_Room_type_id) values (1);
insert into Room (Room_Room_type_id) values (1);
insert into Room (Room_Room_type_id) values (1);
insert into Room (Room_Room_type_id) values (3);
insert into Room (Room_Room_type_id) values (3);
insert into Room (Room_Room_type_id) values (1);
insert into Room (Room_Room_type_id) values (2);
insert into Room (Room_Room_type_id) values (2);
insert into Room (Room_Room_type_id) values (2);
insert into Room (Room_Room_type_id) values (3);
insert into Room (Room_Room_type_id) values (1);
insert into Room (Room_Room_type_id) values (1);
insert into Room (Room_Room_type_id) values (2);
insert into Room (Room_Room_type_id) values (3);
insert into Room (Room_Room_type_id) values (1);
insert into Room (Room_Room_type_id) values (3);
insert into Room (Room_Room_type_id) values (1);
insert into Room (Room_Room_type_id) values (1);
insert into Room (Room_Room_type_id) values (3);
insert into Room (Room_Room_type_id) values (3);
insert into Room (Room_Room_type_id) values (2);
insert into Room (Room_Room_type_id) values (1);
insert into Room (Room_Room_type_id) values (2);
insert into Room (Room_Room_type_id) values (2);
insert into Room (Room_Room_type_id) values (3);
insert into Room (Room_Room_type_id) values (1);
insert into Room (Room_Room_type_id) values (1);
insert into Room (Room_Room_type_id) values (3);
insert into Room (Room_Room_type_id) values (2);
insert into Room (Room_Room_type_id) values (4);
GO


--SÄTTER VÅNINGSPLAN FÖR RUM
UPDATE Room 
SET floor = (
CASE
    WHEN Room_NR =400 THEN 4
    WHEN Room_NR >=300 THEN 3
    WHEN Room_NR >=200 AND Room_NR <300 THEN 2
    WHEN Room_NR >=100 AND Room_NR <200 THEN 1
    ELSE 0
END)
GO


--SÄTTER INVIDUELT PRIS FÖR RUM BEROENDE PÅ VÅNING OCH RUMSTYP
UPDATE Room
SET room_price = (
CASE
    WHEN Room_NR =400 THEN (SELECT price FROM Room_type WHERE room_type_id = 4)
    WHEN Room_NR >=300 AND Room_NR<400 THEN (SELECT rt.price FROM Room_type rt WHERE room.room_room_type_id = rt.room_type_id)+300
    WHEN Room_NR >=200 AND Room_NR <300 THEN (SELECT rt.price FROM Room_type rt WHERE room.room_room_type_id = rt.room_type_id)+200
    WHEN Room_NR >=100 AND Room_NR <200 THEN (SELECT rt.price FROM Room_type rt WHERE room.room_room_type_id = rt.room_type_id)+150
    ELSE (SELECT price FROM Room_type rt WHERE room.room_room_type_id = rt.room_type_id)
END)
GO


--EMPLOYEES
insert into Employees (first_name, last_name, position, signature) values ('Kim', 'Grellier', 'Reception', 'KGR');
insert into Employees (first_name, last_name, position, signature) values ('Susana', 'Petrus', 'Booking manager','SPS');
insert into Employees (first_name, last_name, position, signature) values ('Kiersten', 'Gravet', 'Reception','KGT');
insert into Employees (first_name, last_name, position, signature) values ('Tonie', 'Pochin', 'Reception','TPN');
insert into Employees (first_name, last_name, position, signature) values ('Andie', 'Charlon', 'Reception','ACN');
insert into Employees (first_name, last_name, position, signature) values ('Claudian', 'Daingerfield', 'Reception','CDD');
insert into Employees (first_name, last_name, position, signature) values ('Silvia', 'Eathorne', 'Reception','SEE');
insert into Employees (first_name, last_name, position, signature) values ('Delmore', 'Toffoloni', 'Reception','DTI');
insert into Employees (first_name, last_name, position, signature) values ('Aubrey', 'Willey', 'Reception','AWY');
insert into Employees (first_name, last_name, position, signature) values ('Constantin', 'Moffat', 'Reception','CMT');
GO

--CUSTOMERS
insert into Customer (first_name, last_name, email, phone_number, street_address, city, postal_code, country) values ('Lane', 'Bakes', 'lbakes0@aboutads.info', '837-379-8776', '80 Reindahl Place', 'Singaparna', null, 'Indonesia');
insert into Customer (first_name, last_name, email, phone_number, street_address, city, postal_code, country) values ('Marty', 'Ovanesian', 'movanesian1@eventbrite.com', '210-102-5720', '3 Westerfield Court', 'Song', '54120', 'Thailand');
insert into Customer (first_name, last_name, email, phone_number, street_address, city, postal_code, country) values ('Barbra', 'Rothery', 'brothery2@businessweek.com', '587-509-8096', '14 Haas Junction', 'Longtian', null, 'China');
insert into Customer (first_name, last_name, email, phone_number, street_address, city, postal_code, country) values ('Grove', 'Boynes', 'gboynes3@wikispaces.com', '603-592-6012', '12 Northwestern Way', 'Mozhga', '445560', 'Russia');
insert into Customer (first_name, last_name, email, phone_number, street_address, city, postal_code, country) values ('Merl', 'Darrow', 'mdarrow4@sina.com.cn', '148-728-7499', '97 Sutteridge Drive', 'Sanlidian', null, 'China');
insert into Customer (first_name, last_name, email, phone_number, street_address, city, postal_code, country) values ('Bartholomeo', 'McAllister', 'bmcallister5@hugedomains.com', '515-427-5827', '1 Blue Bill Park Lane', 'Jinxiu', null, 'China');
insert into Customer (first_name, last_name, email, phone_number, street_address, city, postal_code, country) values ('Lem', 'Gurney', 'lgurney6@networkadvertising.org', '923-596-6301', '45050 Loftsgordon Point', 'Usab', '6127', 'Philippines');
insert into Customer (first_name, last_name, email, phone_number, street_address, city, postal_code, country) values ('Shanda', 'Cubbit', 'scubbit7@bloomberg.com', '667-243-8901', '1 Birchwood Park', 'Dong Charoen', '66210', 'Thailand');
insert into Customer (first_name, last_name, email, phone_number, street_address, city, postal_code, country) values ('Roxanna', 'Shury', 'rshury8@examiner.com', '739-915-2202', '4 Crescent Oaks Plaza', 'Devin', '4815', 'Bulgaria');
insert into Customer (first_name, last_name, email, phone_number, street_address, city, postal_code, country) values ('Anastasie', 'Sabatini', 'asabatini9@toplist.cz', '905-889-2959', '2333 Holmberg Pass', 'Volokonovka', '457151', 'Russia');
insert into Customer (first_name, last_name, email, phone_number, street_address, postal_code, city, country) values ('Dori', 'Ofen', 'dofen0@mozilla.com', '+380 392 990 9688', '5100 Moose Terrace', null, 'Piskivka', 'Ukraine');
insert into Customer (first_name, last_name, email, phone_number, street_address, postal_code, city, country) values ('Cynthea', 'Whenham', 'cwhenham1@usatoday.com', '+7 478 529 8299', '57 Fairfield Way', '140225', 'Konobeyevo', 'Russia');
insert into Customer (first_name, last_name, email, phone_number, street_address, postal_code, city, country) values ('Vick', 'Thorley', 'vthorley2@bbb.org', '+212 517 996 9483', '4 International Street', null, 'Mhamid', 'Morocco');
insert into Customer (first_name, last_name, email, phone_number, street_address, postal_code, city, country) values ('Aylmer', 'Stailey', 'astailey3@list-manage.com', '+86 219 958 8439', '18732 American Ash Way', null, 'Fenggao', 'China');
insert into Customer (first_name, last_name, email, phone_number, street_address, postal_code, city, country) values ('Dael', 'Bracknall', 'dbracknall4@jiathis.com', '+63 810 816 3005', '801 Little Fleur Road', '4516', 'Nangalisan', 'Philippines');
insert into Customer (first_name, last_name, email, phone_number, street_address, postal_code, city, country) values ('Janice', 'Headings', 'jheadings5@blogs.com', '+420 598 378 8039', '18894 Utah Road', '330 16', 'Všeruby', 'Czech Republic');
insert into Customer (first_name, last_name, email, phone_number, street_address, postal_code, city, country) values ('Roosevelt', 'Hillum', 'rhillum6@devhub.com', '+62 580 379 6870', '577 Gina Road', null, 'Dorupare', 'Indonesia');
insert into Customer (first_name, last_name, email, phone_number, street_address, postal_code, city, country) values ('Mikey', 'Banks', 'mbanks7@ted.com', '+55 493 383 7620', '82 Crownhardt Hill', '15775-000', 'Santa Fé do Sul', 'Brazil');
insert into Customer (first_name, last_name, email, phone_number, street_address, postal_code, city, country) values ('Lanny', 'Bellow', 'lbellow8@newyorker.com', '+234 286 852 9117', '707 Menomonie Parkway', null, 'Oguta', 'Nigeria');
insert into Customer (first_name, last_name, email, phone_number, street_address, postal_code, city, country) values ('Katherine', 'Whaley', 'kwhaley9@tripod.com', '+212 312 968 3575', '09 1st Place', null, 'Ghouazi', 'Morocco');
insert into Customer (first_name, last_name, email, phone_number, street_address, postal_code, city, country) values ('Esmeralda', 'Frisby', 'efrisbya@ca.gov', '+86 521 351 5730', '7 Blaine Place', null, 'Huanghe', 'China');
insert into Customer (first_name, last_name, email, phone_number, street_address, postal_code, city, country) values ('Ellsworth', 'Lindenblatt', 'elindenblattb@eepurl.com', '+84 163 661 7685', '04334 Corscot Park', null, 'Phu Loc', 'Vietnam');
insert into Customer (first_name, last_name, email, phone_number, street_address, postal_code, city, country) values ('Roma', 'Dorrell', 'rdorrellc@nasa.gov', '+86 662 879 7037', '095 Coolidge Crossing', null, 'Xinhuang', 'China');
insert into Customer (first_name, last_name, email, phone_number, street_address, postal_code, city, country) values ('Myrle', 'Longhurst', 'mlonghurstd@amazon.de', '+63 455 706 1983', '81 Cottonwood Road', '9004', 'Claveria', 'Philippines');
insert into Customer (first_name, last_name, email, phone_number, street_address, postal_code, city, country) values ('Alano', 'Agron', 'aagrone@wp.com', '+63 334 781 1186', '0647 Waywood Way', '5034', 'Binabaan', 'Philippines');
insert into Customer (first_name, last_name, email, phone_number, street_address, postal_code, city, country) values ('Sully', 'Stuchberry', 'sstuchberryf@google.com.au', '+98 970 214 9644', '8091 Melby Alley', null, 'Dārān', 'Iran');
insert into Customer (first_name, last_name, email, phone_number, street_address, postal_code, city, country) values ('Wenona', 'Ourtic', 'wourticg@phoca.cz', '+86 301 793 4838', '6414 Maryland Lane', null, 'Lianghu', 'China');
insert into Customer (first_name, last_name, email, phone_number, street_address, postal_code, city, country) values ('Waldemar', 'Widocks', 'wwidocksh@rediff.com', '+63 194 364 9859', '24654 Debra Place', '1109', 'Casisang', 'Philippines');
insert into Customer (first_name, last_name, email, phone_number, street_address, postal_code, city, country) values ('Bealle', 'Ficken', 'bfickeni@hugedomains.com', '+595 918 562 9103', '72593 Graceland Trail', null, 'Nueva Italia', 'Paraguay');
insert into Customer (first_name, last_name, email, phone_number, street_address, postal_code, city, country) values ('Roda', 'Dovermann', 'rdovermannj@spiegel.de', '+963 401 611 5777', '36 Kensington Hill', null, '‘Ayn al Bayḑā', 'Syria');
insert into Customer (first_name, last_name, email, phone_number, street_address, postal_code, city, country) values ('Gill', 'Bumphrey', 'gbumphreyk@virginia.edu', '+86 505 427 6234', '74 Tony Circle', null, 'Guanghai', 'China');



--Betalmetoder

INSERT INTO payment_methods (method_name) VALUES ('Kontant')
INSERT INTO payment_methods (method_name) VALUES ('Faktura')
INSERT INTO payment_methods (method_name) VALUES ('Kreditkort')
INSERT INTO payment_methods (method_name) VALUES ('Betaltkort')
INSERT INTO payment_methods (method_name) VALUES ('Presentkort')
INSERT INTO payment_methods (method_name) VALUES ('Resecheck')


-- Rabatt
INSERT INTO discount (discount_code, discount_amount) values ('default', 0);
insert into discount (discount_code, discount_amount) values ('Summer20', 0.2);
insert into discount (discount_code, discount_amount) values ('Autumn20', 0.2);
insert into discount (discount_code, discount_amount) values ('Spring20', 0.2);
insert into discount (discount_code, discount_amount) values ('Winter20', 0.2);
insert into discount (discount_code, discount_amount) values ('Birthday10', 0.1);
insert into discount (discount_code, discount_amount) values ('Employe50', 0.5);
insert into discount (discount_code, discount_amount) values ('Weekend15', 0.15);
insert into discount (discount_code, discount_amount) values ('Company5', 0.5);
insert into discount (discount_code, discount_amount) values ('Owner100', 1);
insert into discount (discount_code, discount_amount) values ('Superdeal50', 0.5);


-- Feedback
INSERT INTO Feedback (reviewer, comment, score) VALUES ('Kermit the Frog', 'Nice hotel. Staff were polite helpful and friendly.', 5);
INSERT INTO Feedback (reviewer, comment, score) VALUES ('Miss Piggy', 'Good location, nice balcony.', 4);
INSERT INTO Feedback (reviewer, comment, score) VALUES ('Fozzie Bear', 'Do not recommend, rude staff, no room service.', 1);
INSERT INTO Feedback (reviewer, comment, score) VALUES ('Gonzo', 'the hotel has an EXCELENT location the rooms are comfortable a very functional hotel if you are planning to stay 2-3 day here.', 5);
INSERT INTO Feedback (reviewer, comment, score) VALUES ('Rowlf the Dog', 'The bed was uneven and horrible to sleep on', 2);
INSERT INTO Feedback (reviewer, comment, score) VALUES ('Scooter', 'The bathrooms is not comfortable and they don''t putting soap.', 2);
INSERT INTO Feedback (reviewer, comment, score) VALUES ('Animal', 'I entered my room I noticed no toiletries in the bathroom and a dirty cup on the sink. Told management and after explaining my concerns I asked 
if I should rate the hotel now or wait until they addressed my concerns. No find another, there are many small hotels just blocks away.', 1);
INSERT INTO Feedback (reviewer, comment, score) VALUES ('Pepe the King Prawn', 'It was a modern room in an old building. Very nice. Got the best of both worlds.', 5);
INSERT INTO Feedback (reviewer, comment, score) VALUES ('Rizzo the Rat', 'Nice and cleanRecently renewedVery convenient position', 5);
INSERT INTO Feedback (reviewer, comment, score) VALUES ('Walter', 'Too many things in poor state of repair.', 2);
INSERT INTO Feedback (reviewer, comment, score) VALUES ('', 'If you look at the superior room photo you will see a private spa and hottub. We also rang after booking room and asked about the spa, 
they said its not free i said thats fine i will pay extra. but on the day we arrived we did not get a private spa, they said they were fully booked. Apart from that it was ok. 
The TV stopped working first evening but was fixed next afternoon. breakfast was just ok nothing special, didnt like the scrambled eggs.', 3);
INSERT INTO Feedback (reviewer, comment, score) VALUES ('Dr. Bunsen Honeydew', 'Location, is good also luggage hold, and nce staff', 4);
INSERT INTO Feedback (reviewer, comment, score) VALUES ('Beaker', 'Outstanding. Very convenient. Only thing they should do is put two extra hooks on the back of the bathroom door. Cheap and easy, and nice for customers.', 5);
INSERT INTO Feedback (reviewer, comment, score) VALUES ('Sam Eagle', 'Very nice hotel. Very Clean and the staff is very pleasant and helpful. We are from California so I couldn’t resist! Glad I booked it. Would stay there again.', 5);
INSERT INTO Feedback (reviewer, comment, score) VALUES ('Statler', 'Clean, comfortable and very friendly/helpful staff!', 5);
INSERT INTO Feedback (reviewer, comment, score) VALUES ('The Swedish Chef', 'Mattress and dovet smelt of fish upon arrival. We had to move room as a result. Bar staff very slow. That being said, good value for money, great location. 
Shame the minor things let the hotel down', 3);
INSERT INTO Feedback (reviewer, comment, score) VALUES ('Camilla the Chicken', 'A wonderful hotel which was clean comfortable and close to all the major sites.', 5);
INSERT INTO Feedback (reviewer, comment, score) VALUES ('Bobo the Bear', 'modern hotel with quick check in and check out. comfortable bed. overall great stay.', 5);
INSERT INTO Feedback (reviewer, comment, score) VALUES ('Uncle Deadly', 'Comfortable beds, big bathroom. Great location, closed to center.', 5);
INSERT INTO Feedback (reviewer, comment, score) VALUES ('Waldorf', 'Extremly unfrienfly service at arrival. Decent room but far from the standard that was expected based on rating.', 1);
GO

--BOKNINGAR
insert into booking (contact_id, num_of_night, check_in_date, check_out_date, no_show, employee_ref, prepaid) values (1, 7, '2021-05-16', '2021-05-23',0,9, 1);
insert into booking (contact_id, num_of_night, check_in_date, check_out_date, no_show, employee_ref, prepaid) values (2, 6, '2021-12-06', '2021-12-12', 0,2, 1);
insert into booking (contact_id, num_of_night, check_in_date, check_out_date, no_show, employee_ref, prepaid) values (3, 12, '2022-02-09', '2022-02-21', 0,3, 1);
insert into booking (contact_id, num_of_night, check_in_date, check_out_date, no_show, employee_ref, prepaid) values (4, 11, '2021-06-13', '2021-06-24', 0,3, 0);
insert into booking (contact_id, num_of_night, check_in_date, check_out_date, no_show, employee_ref, prepaid) values (5, 2, '2021-08-17', '2021-08-19', 0,3, 0);
insert into booking (contact_id, num_of_night, check_in_date, check_out_date, no_show, employee_ref, prepaid) values (6, 7, '2022-03-09', '2022-03-16', 0,9, 0);
insert into booking (contact_id, num_of_night, check_in_date, check_out_date, no_show, employee_ref, prepaid) values (7, 4, '2021-12-06', '2021-12-10', 0,7, 1);
insert into booking (contact_id, num_of_night, check_in_date, check_out_date, no_show, employee_ref, prepaid) values (8, 3, '2021-09-23', '2021-09-26', 0,8, 1);
insert into booking (contact_id, num_of_night, check_in_date, check_out_date, no_show, employee_ref, prepaid) values (9, 2, '2022-04-05', '2022-04-07', 0,9, 1);
insert into booking (contact_id, num_of_night, check_in_date, check_out_date, late_arrival_timer , no_show, employee_ref, prepaid) values (10, 5, '2022-04-15', '2022-04-20',3, 0,7, 0);
insert into booking (contact_id, num_of_night, check_in_date, check_out_date, no_show, employee_ref, prepaid) values (11, 12, '2022-05-07', '2022-05-19',0, 10, 1);
GO

-- SÄTTER STANDARD INCHECKNINGSTID TILL 11:00 OCH UTCHECKNINGSTID TILL 14:00.
UPDATE Booking
SET check_in_date = DATEADD(hour, 14, check_in_date) 
, check_out_date = DATEADD(hour, 11, check_out_date)  
GO

--Bokade gäster
insert into guest_booking (customer_id, belongs_to_booking_id) values (1, 1);
insert into guest_booking (customer_id, belongs_to_booking_id) values (2, 2);
insert into guest_booking (customer_id, belongs_to_booking_id) values (3, 3);
insert into guest_booking (customer_id, belongs_to_booking_id) values (4, 4);
insert into guest_booking (customer_id, belongs_to_booking_id) values (5, 5);
insert into guest_booking (customer_id, belongs_to_booking_id) values (6, 6);
insert into guest_booking (customer_id, belongs_to_booking_id) values (7, 7);
insert into guest_booking (customer_id, belongs_to_booking_id) values (8, 8);
insert into guest_booking (customer_id, belongs_to_booking_id) values (9, 9);
insert into guest_booking (customer_id, belongs_to_booking_id) values (10, 10);
insert into guest_booking (customer_id, belongs_to_booking_id) values (11, 11);
insert into guest_booking (customer_id, belongs_to_booking_id) values (12, 11);
insert into guest_booking (customer_id, belongs_to_booking_id) values (13, 11);
insert into guest_booking (customer_id, belongs_to_booking_id) values (14, 8);
insert into guest_booking (customer_id, belongs_to_booking_id) values (15, 9);
insert into guest_booking (customer_id, belongs_to_booking_id) values (16, 10);
insert into guest_booking (customer_id, belongs_to_booking_id) values (17, 11);
GO



--Rumsbokningar
insert into rooms_booked (room_id, room_belongs_to_booking_id, extra_bed,number_of_guests) values (1, 1, 1,1);
insert into rooms_booked (room_id, room_belongs_to_booking_id, extra_bed,number_of_guests) values (2, 2, 0,1);
insert into rooms_booked (room_id, room_belongs_to_booking_id, extra_bed,number_of_guests) values (102, 3, 0,1);
insert into rooms_booked (room_id, room_belongs_to_booking_id, extra_bed,number_of_guests) values (215, 4, 0,1);
insert into rooms_booked (room_id, room_belongs_to_booking_id, extra_bed,number_of_guests) values (90, 5, 0,1);
insert into rooms_booked (room_id, room_belongs_to_booking_id, extra_bed,number_of_guests) values (395, 6, 0,1);
insert into rooms_booked (room_id, room_belongs_to_booking_id, extra_bed,number_of_guests) values (241, 7, 0,1);
insert into rooms_booked (room_id, room_belongs_to_booking_id, extra_bed,number_of_guests) values (293, 8, 0,2);
insert into rooms_booked (room_id, room_belongs_to_booking_id, extra_bed,number_of_guests) values (350, 9, 1,2);
insert into rooms_booked (room_id, room_belongs_to_booking_id, extra_bed,number_of_guests) values (9, 10, 1,2);
insert into rooms_booked (room_id, room_belongs_to_booking_id, extra_bed,number_of_guests) values (229, 11, 1,3);
insert into rooms_booked (room_id, room_belongs_to_booking_id, extra_bed,number_of_guests) values (230, 11, 0,1);


--Meddelanden
insert into Messages (booking_ref, comment, date_) values (1, 'En extrasäng', '2021-05-18 13:48:48');
insert into Messages (booking_ref, comment, date_) values (2, 'bla bla', '2021-12-11 21:18:20');
insert into Messages (booking_ref, comment, date_) values (3, 'Checkar in efter 15.00', '2022-02-09 13:29:16');
insert into Messages (booking_ref, comment, date_) values (4, 'Allergisk mot hundar', '2021-06-10 14:46:41');
insert into Messages (booking_ref, comment, date_) values (5, 'Väckning 07.00', '2021-08-18 23:45:16');
insert into Messages (booking_ref, comment, date_) values (6, 'Extra städning', '2021-03-14 09:06:25');
insert into Messages (booking_ref, comment, date_) values (7, 'Vill ha en extrasäng', '2021-12-08 00:50:53');
insert into Messages (booking_ref, comment, date_) values (8, 'Klagar på oljud', '2021-09-24 06:31:22');
insert into Messages (booking_ref, comment, date_) values (9, 'Stör ej', '2022-04-06 21:03:10');
insert into Messages (booking_ref, comment, date_) values (10, 'Anländer sent', '2021-04-15 16:58:14');
INSERT INTO Messages (booking_ref, comment) VALUES (10, 'Vi behöver mer handdukar')
GO

-- room_bill
INSERT INTO room_bill (amount, room_discount_id, booked_room_ID) VALUES (5250, 1, 1);
INSERT INTO room_bill (amount, room_discount_id, booked_room_ID) VALUES (12600, 1, 2);
INSERT INTO room_bill (amount, room_discount_id, booked_room_ID) VALUES (27000, 1, 3);
INSERT INTO room_bill (amount, room_discount_id, booked_room_ID) VALUES (15950, 2, 4);
INSERT INTO room_bill (amount, room_discount_id, booked_room_ID) VALUES (4200, 1, 5);
INSERT INTO room_bill (amount, room_discount_id, booked_room_ID) VALUES (16800, 3, 6);
INSERT INTO room_bill (amount, room_discount_id, booked_room_ID) VALUES (9200, 1, 7);
INSERT INTO room_bill (amount, room_discount_id, booked_room_ID) VALUES (4350, 1, 8);
INSERT INTO room_bill (amount, room_discount_id, booked_room_ID) VALUES (2100, 4, 9);
INSERT INTO room_bill (amount, room_discount_id, booked_room_ID) VALUES (1500, 6, 10);
INSERT INTO room_bill (amount, room_discount_id, booked_room_ID) VALUES (4350, 2, 11);
INSERT INTO room_bill (amount, room_discount_id, booked_room_ID) VALUES (2850, 1, 12);
GO

-- total_booking_bill

INSERT INTO total_booking_bill (total_amount, selected_payment_method, booking_id_bill) VALUES (5250, 1, 1);
INSERT INTO total_booking_bill (total_amount, selected_payment_method, reference_number, booking_id_bill) VALUES (12600, 3, '3553464767554887', 2);
INSERT INTO total_booking_bill (total_amount, selected_payment_method, reference_number, booking_id_bill) VALUES (27000, 3, '5602250441989524', 3);
INSERT INTO total_booking_bill (total_amount, selected_payment_method, reference_number, booking_id_bill) VALUES (15950, 3, '3579115037082592', 4);
INSERT INTO total_booking_bill (total_amount, selected_payment_method, reference_number, booking_id_bill) VALUES (4200, 4, '5602215693586344', 5);
INSERT INTO total_booking_bill (total_amount, selected_payment_method, reference_number, booking_id_bill) VALUES (16800, 5,'C3792-61234', 6);
INSERT INTO total_booking_bill (total_amount, selected_payment_method, reference_number, booking_id_bill) VALUES (9200, 2, '5-4230480-14031683', 7);
INSERT INTO total_booking_bill (total_amount, selected_payment_method, reference_number, booking_id_bill) VALUES (4350, 3, '3541933917506398', 8);
INSERT INTO total_booking_bill (total_amount, selected_payment_method, reference_number, booking_id_bill) VALUES (2100, 5, 'B3005-97036', 9);
INSERT INTO total_booking_bill (total_amount, selected_payment_method, reference_number, booking_id_bill) VALUES (1650, 3, '3573965020595422', 10);
INSERT INTO total_booking_bill (total_amount, selected_payment_method, reference_number, booking_id_bill) VALUES (7200, 3, '337941643416687', 11);
GO


--Incheckningar
INSERT INTO check_in_log (booking_id,log_check_in)VALUES (1,'2021-05-16 14:05')
INSERT INTO check_in_log (booking_id,log_check_in)VALUES (2,'2021-12-06 14:01')
INSERT INTO check_in_log (booking_id,log_check_in)VALUES (3,'2022-02-09 14:25')
INSERT INTO check_in_log (booking_id,log_check_in)VALUES (4,'2021-06-13 14:11')
INSERT INTO check_in_log (booking_id,log_check_in)VALUES (5,'2021-08-17 14:45')
INSERT INTO check_in_log (booking_id,log_check_in)VALUES (6,'2022-03-09 14:10')
INSERT INTO check_in_log (booking_id,log_check_in)VALUES (7,'2021-12-06 14:01')
INSERT INTO check_in_log (booking_id,log_check_in)VALUES (8,'2021-09-23 14:02')
INSERT INTO check_in_log (booking_id,log_check_in)VALUES (9,'2022-04-05 14:31')
INSERT INTO check_in_log (booking_id,log_check_in)VALUES (10,'2022-04-15 17:02')
INSERT INTO check_in_log (booking_id,log_check_in)VALUES (11,'2022-05-07 14:02')
